record,lat,long,site,cbwf_pres,period,record.year,lyn site number
1,-28.7256,136.016582,AC1,0,2024,2024,10
2,-30.40942244,135.4825054,BB1,1,2024,2024,
3,-30.5743,135.4483,BB10,1,2024,2024,
4,-30.40523664,135.5290864,BB2,1,2024,2024,
5,-30.35262769,135.5729678,BB3,1,2024,2024,
6,-30.36448649,135.6304577,BB4,1,2024,2024,
7,-30.31846367,135.5370567,BB5,1,2024,2024,
8,-30.282658,135.392721,BB6,1,2024,2024,
9,-30.363391,135.390739,BB7,1,2024,2024,
10,-30.78987453,135.394221,BB8,0,2024,2024,
11,-30.80607002,135.3803034,BB9,0,2024,2024,
12,-29.67554,138.02374,CA1,0,2024,2024,19
13,-29.6399,137.8787,CA2,0,2024,2024,27
14,-30.962752,135.725066,CO1,1,2024,2024,33
15,-30.92839,135.43208,CO2,1,2024,2024,35
16,-29.07596,134.85352,CP2,1,2024,2024,34
17,-29.573833,135.078713,IN1,1,2024,2024,38
18,-29.34734,134.996643,IN2,0,2024,2024,
19,-26.971665,134.293191,LA1,0,2024,2024,5
20,-30.587721,138.389509,LC1,0,2024,2024,32
21,-29.147734,134.354344,MC1,1,2024,2024,28
22,-30.32286883,135.7518325,ME1,1,2024,2024,
23,-30.11232653,135.8593188,ME2,0,2024,2024,
24,-30.237196,135.255273,ME3,1,2024,2024,
25,-32.4427542,136.0721403,MI1,0,2024,2024,
26,-30.205699,138.610536,ML1,0,2024,2024,31
27,-30.083712,138.865289,ML2,0,2024,2024,40
28,-30.237196,135.255273,ML3,0,2024,2024,
29,-29.768166,135.131822,MP1,1,2024,2024,12
30,-29.907716,135.14024,MP2,1,2024,2024,15
31,-32.162913,136.555504,NO1,0,2024,2024,
32,-32.178747,136.480012,NO2,0,2024,2024,17
33,-30.5648932,134.9819397,NW1,1,2024,2024,
34,-29.68092,135.62864,PH1,1,2024,2024,
35,-27.40609,135.30053,TO1,0,2024,2024,2
36,-27.28819,134.994516,TO2,0,2024,2024,3
37,-27.216871,134.775636,TO3,0,2024,2024,4
38,-28.91736,136.344653,WC1,0,2024,2024,11
39,-27.338662,133.943086,WH1,0,2024,2024,14
40,-27.295842,133.680776,WH2,0,2024,2024,
41,-29.948783,137.947214,WI1,0,2024,2024,23
42,-29.9818,137.97718,WI3,0,2024,2024,
43,-30.634598,134.967261,WIL1,1,2024,2024,36
44,-30.605242,134.976536,WIL2,1,2024,2024,37
45,-30.21555556,138.6,ML1,1,1990,1999,31
46,-30.08361111,138.8652778,ML2,0,1990,1999,40
47,-29.94833333,137.9472222,WI1,0,1990,1999,23
48,-29.81527778,138.0705556,WI2,0,1990,1999,24
49,-29.64166667,137.9138889,CA2,0,1990,1999,27
50,-30.92916667,135.4333333,CO2,1,1990,1999,35
51,-30.63222222,134.9686111,WIL1,1,1990,1999,36
52,-30.605,134.9766667,WIL2,1,1990,1999,37
53,-30.56472222,134.9819444,NW1,1,1990,1999,
54,-30.21805556,135.1491667,BU1.99,1,1990,1999,
55,-30.04694444,135.1333333,BU2.99,1,1990,1999,
56,-30.57583333,135.4466667,BB10,1,1990,1999,
57,-30.56527778,135.4483333,BB10,1,1990,1999,
58,-30.29944444,135.5988889,ME4.99,0,1990,1999,
59,-29.76833333,135.1333333,MP1,0,1990,1999,12
60,-29.57472222,135.0788889,IN1,1,1990,1999,38
61,-29.07583333,134.8527778,CP2,0,1990,1999,34
62,-29.13777778,134.3947222,MC1,0,1990,1999,28
63,-29.13611111,134.3788889,MC1,0,1990,1999,28
64,-27.29555556,133.6805556,WH2,1,1990,1999,
65,-27.33833333,133.9430556,WH1,0,1990,1999,14
66,-27.07277778,133.4597222,APY2,0,1990,1999,7
67,-26.95277778,133.5844444,APY3,0,1990,1999,25
68,-26.95,133.2416667,LA1,0,1990,1999,5
69,-27.21694444,134.7761111,TO3,0,1990,1999,4
70,-28.46416667,135.8594444,NI1,0,1990,1999,39
71,-28.62194444,135.9541667,NI3,1,1990,1999,
72,-28.725,136.0166667,AC1,1,1990,1999,10
73,-29.675,138.0236111,CA1,0,1990,1999,19
74,-32.433702,137.609665,PA1,0,1990,1990,1
75,-29.768166,135.131822,MP1,1,1990,1990,12
76,-29.429751,134.808824,MTS13,0,1990,1990,13
77,-29.907716,135.14024,MP2,0,1990,1990,15
78,-29.02934,134.7173623,CP1,0,1990,1990,18
79,-30.956928,134.623783,TAR22,0,1990,1990,22
80,-29.147734,134.354344,MC1,1,1990,1990,28
81,-30.962752,135.725066,CO1,0,1990,1990,33
82,-29.07596,134.85352,CP2,1,1990,1990,34
83,-30.92839,135.43208,CO2,1,1990,1990,35
84,-30.634598,134.967261,WIL1,1,1990,1990,36
85,-30.605242,134.976536,WIL2,1,1990,1990,37
86,-29.573833,135.078713,IN1,1,1990,1990,38
87,-27.40609,135.30053,TO1,0,1990,1990,2
88,-27.28819,134.994516,TO2,0,1990,1990,3
89,-27.216871,134.775636,TO3,0,1990,1990,4
90,-26.971665,134.293191,LA1,0,1990,1990,5
91,-27.03118,133.524776,APY1,0,1990,1990,6
92,-27.05608,133.4517972,APY2,1,1990,1990,7
93,-28.7256,136.016582,AC1,0,1990,1990,10
94,-28.91736,136.344653,WC1,0,1990,1990,11
95,-27.338662,133.943086,WH1,0,1990,1990,14
96,-26.9478,133.6103171,APY3,1,1990,1990,25
97,-26.94477,133.5558609,APY4,1,1990,1990,29
98,-28.46162,135.8529334,NI1,1,1990,1990,39
99,-30.37353024,138.1956832,MS16,0,1990,1990,16
100,-29.67554,138.02374,CA1,0,1990,1990,19
101,-26.919467,139.528324,BT20,0,1990,1990,20
102,-28.817199,138.539102,BT21,0,1990,1990,21
103,-29.948783,137.947214,WI1,1,1990,1990,23
104,-29.93726,137.9462464,WI2,0,1990,1990,24
105,-27.701445,138.407293,COW26,0,1990,1990,26
106,-29.6399,137.8787,CA2,0,1990,1990,27
107,-30.205699,138.610536,ML1,1,1990,1990,31
108,-30.587721,138.389509,LC1,0,1990,1990,32
109,-30.083712,138.865289,ML2,1,1990,1990,40
110,-32.433702,137.609665,PA1,1,1960,1870,1
111,-29.573833,135.078713,IN1,1,1960,1923,38
112,-29.768166,135.131822,MP1,1,1960,1967,12
113,-29.429751,134.808824,MTS13,1,1960,1967,13
114,-29.907716,135.14024,MP2,1,1960,1967,15
115,-32.178747,136.480012,NO2,1,1960,1969,17
116,-29.02934,134.7173623,CP1,1,1960,1973,18
117,-30.956928,134.623783,TAR22,1,1960,1978,22
118,-29.147734,134.354344,MC1,1,1960,1984,28
119,-30.962752,135.725066,CO1,1,1960,1989,33
120,-27.40609,135.30053,TO1,1,1960,1914,2
121,-27.28819,134.994516,TO2,1,1960,1914,3
122,-27.216871,134.775636,TO3,1,1960,1914,4
123,-26.971665,134.293191,LA1,1,1960,1914,5
124,-27.03118,133.524776,APY1,1,1960,1914,6
125,-27.05608,133.4517972,APY2,1,1960,1914,7
126,-28.7256,136.016582,AC1,1,1960,1966,10
127,-28.91736,136.344653,WC1,1,1960,1966,11
128,-27.338662,133.943086,WH1,1,1960,1967,14
129,-26.9478,133.6103171,APY3,1,1960,1981,25
130,-26.94477,133.5558609,APY4,1,1960,1986,29
131,-25.920888,133.860569,KUL30,1,1960,1987,30
132,-30.37353024,138.1956832,MS16,1,1960,1968,16
133,-29.67554,138.02374,CA1,1,1960,1975,19
134,-26.919467,139.528324,BT20,1,1960,1975,20
135,-28.817199,138.539102,BT21,1,1960,1976,21
136,-29.948783,137.947214,WI1,1,1960,1979,23
137,-29.93726,137.9462464,WI2,1,1960,1979,24
138,-27.701445,138.407293,COW26,1,1960,1982,26
139,-29.6399,137.8787,CA2,1,1960,1983,27
140,-30.205699,138.610536,ML1,1,1960,1987,31
141,-30.587721,138.389509,LC1,1,1960,1987,32
